current_trt,av_mdt,se_mdt
warm,24.76472701149425,0.07580626340351183
rock,24.07551020408163,0.18851538826195668
cool,23.211889081455805,0.06637612985000607
